arm,qid,rep,words,fkgl,claims,cited,supported,partial,not_supported,sources,latency_s,cost_usd
tables_turned,Q1,1,393,10.9,15,10,7,3,0,9,57.89,0.1024
tables_turned,Q1,2,399,10.41,14,11,5,4,2,8,55.73,0.1147
tables_turned,Q1,3,375,11.04,14,9,5,4,0,6,55.16,0.1013
tables_turned,Q2,1,362,10.63,15,11,4,6,1,8,62.43,0.1244
tables_turned,Q3,1,368,9.38,15,10,6,4,0,7,59.46,0.1126
tables_turned,Q4,1,359,8.68,15,10,9,1,0,7,66.78,0.1148
tables_turned,Q5,1,406,10.84,14,10,3,6,1,7,58.92,0.1382
tables_turned,Q6,1,314,10.29,14,8,4,4,0,7,53.57,0.0808
ai_overview_model,Q1,1,169,8.15,5,5,4,1,0,4,6.11,0.0455
ai_overview_model,Q1,2,194,7.41,5,5,4,1,0,5,6.14,0.046
ai_overview_model,Q1,3,170,6.56,6,6,6,0,0,4,5.65,0.0452
ai_overview_model,Q2,1,173,6.99,6,6,5,1,0,6,9.25,0.0453
ai_overview_model,Q3,1,146,7.2,5,5,3,2,0,4,11.58,0.043
ai_overview_model,Q4,1,183,9.25,5,5,1,4,0,6,6.62,0.0437
ai_overview_model,Q5,1,160,10.43,6,6,4,2,0,5,5.76,0.0464
ai_overview_model,Q6,1,151,7.31,6,6,3,2,1,5,6.11,0.0458
claude_free,Q1,1,339,6.05,20,0,0,0,0,9,10.73,0.0116
claude_free,Q1,2,358,7.22,17,0,0,0,0,8,11.02,0.0123
claude_free,Q1,3,338,6.38,17,0,0,0,0,8,10.93,0.0125
claude_free,Q2,1,542,7.8,30,0,0,0,0,10,11.47,0.0139
claude_free,Q3,1,322,9.43,15,0,0,0,0,8,13.56,0.0131
claude_free,Q4,1,373,6.24,26,0,0,0,0,6,7.29,0.0085
claude_free,Q5,1,298,8.04,17,0,0,0,0,3,11.23,0.0138
claude_free,Q6,1,292,7.42,13,0,0,0,0,4,10.32,0.0118
